account_id,industry,country,plan_tier,region,segment,gross_margin_estimated,annual_contract_value,opening_arr,new_arr,churned_arr,reactivated_arr,expansion_arr,contraction_arr,net_arr_change,analysis_window_start,analysis_window_end
A-2e4581,EdTech,US,Basic,NA,SMB,0.65,10032,0.0,5292.0,0.0,0.0,0,0,5292.0,2024-01-01,2024-12-31
A-43a9e3,FinTech,IN,Basic,APAC,SMB,0.65,10584,4104.0,0.0,0.0,0.0,0,0,0.0,2024-01-01,2024-12-31
A-0a282f,DevTools,US,Basic,NA,SMB,0.65,1176,0.0,45372.0,0.0,0.0,0,0,45372.0,2024-01-01,2024-12-31
A-1f0ac7,HealthTech,UK,Basic,EMEA,SMB,0.65,14112,14112.0,0.0,0.0,0.0,0,0,0.0,2024-01-01,2024-12-31
A-ce550d,HealthTech,US,Enterprise,NA,Enterprise,0.82,260292,0.0,83580.0,0.0,0.0,0,0,83580.0,2024-01-01,2024-12-31
A-1b9609,EdTech,IN,Enterprise,APAC,Enterprise,0.82,0,4104.0,0.0,4104.0,11940.0,0,0,7836.0,2024-01-01,2024-12-31
A-a0ca4e,Cybersecurity,US,Pro,NA,Mid‑Market,0.75,62088,0.0,28656.0,0.0,0.0,0,0,28656.0,2024-01-01,2024-12-31
A-e5d6ab,EdTech,US,Pro,NA,Mid‑Market,0.75,18816,50148.0,0.0,50148.0,35820.0,0,0,-14328.0,2024-01-01,2024-12-31
A-7dacce,Cybersecurity,CA,Enterprise,NA,Enterprise,0.82,0,0.0,28656.0,0.0,0.0,0,0,28656.0,2024-01-01,2024-12-31
A-10b8da,DevTools,US,Enterprise,NA,Enterprise,0.82,19992,3192.0,0.0,0.0,0.0,0,0,0.0,2024-01-01,2024-12-31
A-592832,Cybersecurity,US,Basic,NA,SMB,0.65,10584,0.0,100296.0,0.0,0.0,0,0,100296.0,2024-01-01,2024-12-31
A-d40bf7,FinTech,IN,Basic,APAC,SMB,0.65,13452,0.0,140892.0,0.0,0.0,0,0,140892.0,2024-01-01,2024-12-31
A-6c093d,DevTools,US,Basic,NA,SMB,0.65,0,0.0,0.0,0.0,0.0,0,0,0.0,2024-01-01,2024-12-31
A-462d45,Cybersecurity,US,Enterprise,NA,Enterprise,0.82,17640,0.0,20292.0,0.0,20292.0,0,0,40584.0,2024-01-01,2024-12-31
A-956988,EdTech,UK,Enterprise,EMEA,Enterprise,0.82,76416,0.0,0.0,0.0,0.0,0,0,0.0,2024-01-01,2024-12-31
A-ac14bb,FinTech,US,Enterprise,NA,Enterprise,0.82,6384,50148.0,0.0,0.0,0.0,0,0,0.0,2024-01-01,2024-12-31
A-463db0,HealthTech,US,Basic,NA,SMB,0.65,8820,0.0,20580.0,0.0,0.0,0,0,20580.0,2024-01-01,2024-12-31
A-ce66f8,EdTech,CA,Pro,NA,Mid‑Market,0.75,17052,6612.0,0.0,0.0,0.0,0,0,0.0,2024-01-01,2024-12-31
A-c4ea60,FinTech,DE,Enterprise,EMEA,Enterprise,0.82,42984,4104.0,0.0,0.0,0.0,0,0,0.0,2024-01-01,2024-12-31
A-832ec2,FinTech,UK,Enterprise,EMEA,Enterprise,0.82,52536,0.0,0.0,0.0,0.0,0,0,0.0,2024-01-01,2024-12-31
A-684255,FinTech,US,Enterprise,NA,Enterprise,0.82,0,0.0,7296.0,0.0,7296.0,0,0,14592.0,2024-01-01,2024-12-31
A-c42f1f,HealthTech,US,Pro,NA,Mid‑Market,0.75,1824,0.0,6468.0,0.0,0.0,0,0,6468.0,2024-01-01,2024-12-31
A-4e44e8,DevTools,US,Enterprise,NA,Enterprise,0.82,40596,0.0,8664.0,0.0,8664.0,0,0,17328.0,2024-01-01,2024-12-31
A-30b4ca,EdTech,IN,Basic,APAC,SMB,0.65,19608,0.0,205368.0,0.0,0.0,0,0,205368.0,2024-01-01,2024-12-31
A-9f2731,FinTech,IN,Enterprise,APAC,Enterprise,0.82,0,0.0,0.0,0.0,0.0,0,0,0.0,2024-01-01,2024-12-31
A-32fb14,DevTools,US,Enterprise,NA,Enterprise,0.82,62088,5928.0,0.0,5928.0,10716.0,0,0,4788.0,2024-01-01,2024-12-31
A-00cac8,HealthTech,AU,Enterprise,APAC,Enterprise,0.82,11172,4332.0,0.0,0.0,0.0,0,0,0.0,2024-01-01,2024-12-31
A-35083d,HealthTech,IN,Basic,APAC,SMB,0.65,117012,0.0,0.0,0.0,0.0,0,0,0.0,2024-01-01,2024-12-31
A-eb7fac,DevTools,US,Enterprise,NA,Enterprise,0.82,5928,7056.0,0.0,7056.0,4116.0,0,0,-2940.0,2024-01-01,2024-12-31
A-b20d99,HealthTech,IN,Basic,APAC,SMB,0.65,47760,0.0,47760.0,0.0,47760.0,0,0,95520.0,2024-01-01,2024-12-31
A-396e5f,Cybersecurity,CA,Enterprise,NA,Enterprise,0.82,19992,0.0,16716.0,0.0,0.0,0,0,16716.0,2024-01-01,2024-12-31
A-45ce7a,FinTech,US,Enterprise,NA,Enterprise,0.82,38208,9408.0,0.0,0.0,0.0,0,0,0.0,2024-01-01,2024-12-31
A-08e34e,EdTech,US,Basic,NA,SMB,0.65,33432,0.0,8232.0,0.0,8232.0,0,0,16464.0,2024-01-01,2024-12-31
A-8145a0,Cybersecurity,AU,Basic,APAC,SMB,0.65,3420,21492.0,0.0,0.0,0.0,0,0,0.0,2024-01-01,2024-12-31
A-bad8c1,FinTech,AU,Basic,APAC,SMB,0.65,21756,0.0,0.0,0.0,0.0,0,0,0.0,2024-01-01,2024-12-31
A-44dc83,EdTech,FR,Basic,EMEA,SMB,0.65,0,0.0,5472.0,0.0,0.0,0,0,5472.0,2024-01-01,2024-12-31
A-f446b6,DevTools,DE,Pro,EMEA,Mid‑Market,0.75,1140,2736.0,0.0,0.0,0.0,0,0,0.0,2024-01-01,2024-12-31
A-a45270,HealthTech,US,Enterprise,NA,Enterprise,0.82,0,0.0,23880.0,0.0,0.0,0,0,23880.0,2024-01-01,2024-12-31
A-854864,FinTech,IN,Enterprise,APAC,Enterprise,0.82,11760,0.0,47760.0,0.0,0.0,0,0,47760.0,2024-01-01,2024-12-31
A-1b7577,Cybersecurity,US,Pro,NA,Mid‑Market,0.75,24108,0.0,21492.0,0.0,0.0,0,0,21492.0,2024-01-01,2024-12-31
A-05f0e5,FinTech,US,Basic,NA,SMB,0.65,34104,7296.0,0.0,7296.0,12768.0,0,0,5472.0,2024-01-01,2024-12-31
A-9077b0,HealthTech,US,Basic,NA,SMB,0.65,4776,0.0,456.0,0.0,0.0,0,0,456.0,2024-01-01,2024-12-31
A-7f8241,EdTech,US,Pro,NA,Mid‑Market,0.75,81192,7752.0,0.0,0.0,0.0,0,0,0.0,2024-01-01,2024-12-31
A-2bc93d,HealthTech,US,Basic,NA,SMB,0.65,20580,95520.0,0.0,0.0,0.0,0,0,0.0,2024-01-01,2024-12-31
A-f3ff05,FinTech,IN,Enterprise,APAC,Enterprise,0.82,6840,0.0,6384.0,0.0,0.0,0,0,6384.0,2024-01-01,2024-12-31
A-2d4502,FinTech,IN,Basic,APAC,SMB,0.65,81192,0.0,4704.0,0.0,4704.0,0,0,9408.0,2024-01-01,2024-12-31
A-6a4e2d,EdTech,UK,Pro,EMEA,Mid‑Market,0.75,8232,9408.0,0.0,0.0,0.0,0,0,0.0,2024-01-01,2024-12-31
A-eb7c38,DevTools,AU,Enterprise,APAC,Enterprise,0.82,7524,0.0,0.0,0.0,0.0,0,0,0.0,2024-01-01,2024-12-31
A-c37601,EdTech,US,Basic,NA,SMB,0.65,128952,0.0,7056.0,0.0,0.0,0,0,7056.0,2024-01-01,2024-12-31
A-3b5cd1,FinTech,US,Basic,NA,SMB,0.65,76416,31044.0,0.0,31044.0,3648.0,0,0,-27396.0,2024-01-01,2024-12-31
A-b2225d,FinTech,US,Basic,NA,SMB,0.65,10716,0.0,0.0,0.0,0.0,0,0,0.0,2024-01-01,2024-12-31
A-94f8c9,HealthTech,US,Basic,NA,SMB,0.65,31044,0.0,7644.0,0.0,7644.0,0,0,15288.0,2024-01-01,2024-12-31
A-02fac6,FinTech,US,Pro,NA,Mid‑Market,0.75,12936,52536.0,0.0,0.0,0.0,0,0,0.0,2024-01-01,2024-12-31
A-c1dfe1,DevTools,DE,Pro,EMEA,Mid‑Market,0.75,5928,7524.0,0.0,7524.0,5928.0,0,0,-1596.0,2024-01-01,2024-12-31
A-32728c,DevTools,US,Pro,NA,Mid‑Market,0.75,9576,4560.0,0.0,0.0,0.0,0,0,0.0,2024-01-01,2024-12-31
A-4c38bc,HealthTech,UK,Basic,EMEA,SMB,0.65,21168,0.0,8208.0,0.0,0.0,0,0,8208.0,2024-01-01,2024-12-31
A-1b707d,Cybersecurity,US,Enterprise,NA,Enterprise,0.82,0,38208.0,0.0,0.0,0.0,0,0,0.0,2024-01-01,2024-12-31
A-6f8ad2,EdTech,IN,Basic,APAC,SMB,0.65,9348,0.0,0.0,0.0,0.0,0,0,0.0,2024-01-01,2024-12-31
A-4d1e75,DevTools,US,Basic,NA,SMB,0.65,4560,0.0,4560.0,0.0,4560.0,0,0,9120.0,2024-01-01,2024-12-31
A-9ee962,HealthTech,US,Basic,NA,SMB,0.65,2052,0.0,0.0,0.0,0.0,0,0,0.0,2024-01-01,2024-12-31
A-378b99,EdTech,UK,Pro,EMEA,Mid‑Market,0.75,9408,0.0,11172.0,0.0,0.0,0,0,11172.0,2024-01-01,2024-12-31
A-94d3da,HealthTech,US,Basic,NA,SMB,0.65,9348,9348.0,0.0,9348.0,0.0,0,0,-9348.0,2024-01-01,2024-12-31
A-e351e1,EdTech,US,Enterprise,NA,Enterprise,0.82,7524,0.0,7524.0,0.0,0.0,0,0,7524.0,2024-01-01,2024-12-31
A-9badbd,Cybersecurity,DE,Enterprise,EMEA,Enterprise,0.82,140892,0.0,6384.0,0.0,0.0,0,0,6384.0,2024-01-01,2024-12-31
A-7e0a10,FinTech,US,Enterprise,NA,Enterprise,0.82,167160,10488.0,0.0,10488.0,10488.0,0,0,0.0,2024-01-01,2024-12-31
A-118d55,Cybersecurity,US,Basic,NA,SMB,0.65,69252,0.0,19104.0,0.0,0.0,0,0,19104.0,2024-01-01,2024-12-31
A-526d93,HealthTech,FR,Basic,EMEA,SMB,0.65,102684,0.0,102684.0,0.0,102684.0,0,0,205368.0,2024-01-01,2024-12-31
A-f92792,FinTech,US,Pro,NA,Mid‑Market,0.75,4332,0.0,15288.0,0.0,0.0,0,0,15288.0,2024-01-01,2024-12-31
A-84ebe4,FinTech,US,Pro,NA,Mid‑Market,0.75,85968,50148.0,0.0,50148.0,0.0,0,0,-50148.0,2024-01-01,2024-12-31
A-5b4ebb,Cybersecurity,UK,Basic,EMEA,SMB,0.65,17640,0.0,4788.0,0.0,0.0,0,0,4788.0,2024-01-01,2024-12-31
A-2922b6,HealthTech,US,Basic,NA,SMB,0.65,11760,0.0,11628.0,0.0,0.0,0,0,11628.0,2024-01-01,2024-12-31
A-9b9fe9,EdTech,AU,Basic,APAC,SMB,0.65,119400,14112.0,0.0,0.0,0.0,0,0,0.0,2024-01-01,2024-12-31
A-a8b49c,Cybersecurity,UK,Basic,EMEA,SMB,0.65,4116,0.0,0.0,0.0,3648.0,0,0,3648.0,2024-01-01,2024-12-31
A-9174e0,Cybersecurity,US,Basic,NA,SMB,0.65,88356,0.0,0.0,0.0,0.0,0,0,0.0,2024-01-01,2024-12-31
A-a1bbb6,DevTools,CA,Basic,NA,SMB,0.65,0,26268.0,0.0,0.0,0.0,0,0,0.0,2024-01-01,2024-12-31
A-c45b23,FinTech,UK,Basic,EMEA,SMB,0.65,62088,1824.0,0.0,0.0,0.0,0,0,0.0,2024-01-01,2024-12-31
A-02cd81,HealthTech,IN,Basic,APAC,SMB,0.65,25872,0.0,10032.0,0.0,10032.0,0,0,20064.0,2024-01-01,2024-12-31
A-ee42db,EdTech,DE,Enterprise,EMEA,Enterprise,0.82,6840,7524.0,0.0,7524.0,0.0,0,0,-7524.0,2024-01-01,2024-12-31
A-432483,Cybersecurity,US,Pro,NA,Mid‑Market,0.75,18228,11172.0,0.0,0.0,0.0,0,0,0.0,2024-01-01,2024-12-31
A-9208f0,EdTech,US,Pro,NA,Mid‑Market,0.75,0,1176.0,0.0,0.0,0.0,0,0,0.0,2024-01-01,2024-12-31
A-98a59a,FinTech,UK,Enterprise,EMEA,Enterprise,0.82,32928,12768.0,0.0,0.0,0.0,0,0,0.0,2024-01-01,2024-12-31
A-fe79a5,HealthTech,IN,Basic,APAC,SMB,0.65,21492,0.0,0.0,0.0,0.0,0,0,0.0,2024-01-01,2024-12-31
A-726cfa,DevTools,US,Pro,NA,Mid‑Market,0.75,90744,0.0,0.0,0.0,3876.0,0,0,3876.0,2024-01-01,2024-12-31
A-c43359,FinTech,US,Pro,NA,Mid‑Market,0.75,8664,0.0,22344.0,0.0,0.0,0,0,22344.0,2024-01-01,2024-12-31
A-271f46,DevTools,US,Pro,NA,Mid‑Market,0.75,109848,8664.0,0.0,0.0,0.0,0,0,0.0,2024-01-01,2024-12-31
A-157070,FinTech,US,Pro,NA,Mid‑Market,0.75,8664,3876.0,0.0,3876.0,38208.0,0,0,34332.0,2024-01-01,2024-12-31
A-40a557,Cybersecurity,AU,Pro,APAC,Mid‑Market,0.75,38208,0.0,38208.0,0.0,0.0,0,0,38208.0,2024-01-01,2024-12-31
A-66224b,HealthTech,US,Pro,NA,Mid‑Market,0.75,0,0.0,219696.0,0.0,0.0,0,0,219696.0,2024-01-01,2024-12-31
A-91e948,EdTech,AU,Basic,APAC,SMB,0.65,97908,9348.0,0.0,0.0,0.0,0,0,0.0,2024-01-01,2024-12-31
A-104f1a,Cybersecurity,US,Pro,NA,Mid‑Market,0.75,7752,0.0,72324.0,0.0,72324.0,0,0,144648.0,2024-01-01,2024-12-31
A-7988d1,Cybersecurity,US,Basic,NA,SMB,0.65,0,0.0,0.0,0.0,0.0,0,0,0.0,2024-01-01,2024-12-31
A-faa28c,HealthTech,US,Enterprise,NA,Enterprise,0.82,28224,0.0,114624.0,0.0,114624.0,0,0,229248.0,2024-01-01,2024-12-31
A-f25509,EdTech,US,Enterprise,NA,Enterprise,0.82,12996,0.0,76416.0,0.0,76416.0,0,0,152832.0,2024-01-01,2024-12-31
A-3a7284,FinTech,US,Enterprise,NA,Enterprise,0.82,18228,0.0,74028.0,0.0,0.0,0,0,74028.0,2024-01-01,2024-12-31
A-3a5ad8,HealthTech,US,Enterprise,NA,Enterprise,0.82,0,2052.0,0.0,0.0,0.0,0,0,0.0,2024-01-01,2024-12-31
A-65a46c,HealthTech,US,Pro,NA,Mid‑Market,0.75,20580,0.0,186264.0,0.0,0.0,0,0,186264.0,2024-01-01,2024-12-31
A-8b25f2,Cybersecurity,US,Pro,NA,Mid‑Market,0.75,31044,0.0,0.0,0.0,0.0,0,0,0.0,2024-01-01,2024-12-31
A-fabe19,DevTools,UK,Enterprise,EMEA,Enterprise,0.82,0,0.0,74028.0,0.0,0.0,0,0,74028.0,2024-01-01,2024-12-31
A-adc1f3,Cybersecurity,US,Pro,NA,Mid‑Market,0.75,11940,0.0,14328.0,0.0,0.0,0,0,14328.0,2024-01-01,2024-12-31
A-503d5a,FinTech,US,Enterprise,NA,Enterprise,0.82,133728,0.0,0.0,0.0,0.0,0,0,0.0,2024-01-01,2024-12-31
A-fd7ad3,Cybersecurity,US,Enterprise,NA,Enterprise,0.82,6612,0.0,0.0,0.0,0.0,0,0,0.0,2024-01-01,2024-12-31
A-186a44,HealthTech,US,Enterprise,NA,Enterprise,0.82,4560,11760.0,0.0,0.0,0.0,0,0,0.0,2024-01-01,2024-12-31
A-e888d1,Cybersecurity,US,Pro,NA,Mid‑Market,0.75,9996,38208.0,0.0,0.0,0.0,0,0,0.0,2024-01-01,2024-12-31
A-69fad4,FinTech,UK,Basic,EMEA,SMB,0.65,0,23880.0,0.0,0.0,0.0,0,0,0.0,2024-01-01,2024-12-31
A-9289f6,EdTech,US,Enterprise,NA,Enterprise,0.82,14700,228.0,0.0,0.0,0.0,0,0,0.0,2024-01-01,2024-12-31
A-f19409,DevTools,US,Basic,NA,SMB,0.65,7980,19992.0,0.0,0.0,0.0,0,0,0.0,2024-01-01,2024-12-31
A-22f2df,DevTools,US,Basic,NA,SMB,0.65,2508,0.0,684.0,0.0,0.0,0,0,684.0,2024-01-01,2024-12-31
A-039727,EdTech,AU,Pro,APAC,Mid‑Market,0.75,59700,0.0,59700.0,0.0,0.0,0,0,59700.0,2024-01-01,2024-12-31
A-2e3bad,FinTech,CA,Pro,NA,Mid‑Market,0.75,13908,145668.0,0.0,145668.0,35868.0,0,0,-109800.0,2024-01-01,2024-12-31
A-484819,HealthTech,US,Pro,NA,Mid‑Market,0.75,42984,42984.0,0.0,0.0,0.0,0,0,0.0,2024-01-01,2024-12-31
A-425e76,DevTools,UK,Enterprise,EMEA,Enterprise,0.82,21492,41748.0,0.0,0.0,0.0,0,0,0.0,2024-01-01,2024-12-31
A-e83938,DevTools,UK,Pro,EMEA,Mid‑Market,0.75,12312,0.0,38208.0,0.0,38208.0,0,0,76416.0,2024-01-01,2024-12-31
A-ad296b,DevTools,AU,Pro,APAC,Mid‑Market,0.75,22344,0.0,0.0,0.0,0.0,0,0,0.0,2024-01-01,2024-12-31
A-e51ec7,FinTech,CA,Enterprise,NA,Enterprise,0.82,23880,59700.0,0.0,59700.0,0.0,0,0,-59700.0,2024-01-01,2024-12-31
A-0aaf6e,FinTech,US,Enterprise,NA,Enterprise,0.82,42984,0.0,21756.0,0.0,0.0,0,0,21756.0,2024-01-01,2024-12-31
A-e61e98,FinTech,US,Enterprise,NA,Enterprise,0.82,81192,23520.0,0.0,0.0,0.0,0,0,0.0,2024-01-01,2024-12-31
A-92a333,FinTech,US,Enterprise,NA,Enterprise,0.82,2052,78804.0,0.0,0.0,0.0,0,0,0.0,2024-01-01,2024-12-31
A-95b24a,FinTech,US,Pro,NA,Mid‑Market,0.75,0,8664.0,0.0,0.0,0.0,0,0,0.0,2024-01-01,2024-12-31
A-42e5e1,DevTools,US,Pro,NA,Mid‑Market,0.75,5880,0.0,588.0,0.0,0.0,0,0,588.0,2024-01-01,2024-12-31
A-7d514c,HealthTech,DE,Enterprise,EMEA,Enterprise,0.82,40596,0.0,0.0,0.0,0.0,0,0,0.0,2024-01-01,2024-12-31
A-65aeb5,DevTools,US,Pro,NA,Mid‑Market,0.75,2052,0.0,2052.0,0.0,2052.0,0,0,4104.0,2024-01-01,2024-12-31
A-e2cd1b,DevTools,US,Enterprise,NA,Enterprise,0.82,38208,0.0,10032.0,0.0,0.0,0,0,10032.0,2024-01-01,2024-12-31
A-180abf,DevTools,US,Pro,NA,Mid‑Market,0.75,37632,0.0,0.0,0.0,0.0,0,0,0.0,2024-01-01,2024-12-31
A-f17767,DevTools,US,Enterprise,NA,Enterprise,0.82,8820,93132.0,0.0,0.0,0.0,0,0,0.0,2024-01-01,2024-12-31
A-5a184f,DevTools,DE,Enterprise,EMEA,Enterprise,0.82,8208,52536.0,0.0,52536.0,109848.0,0,0,57312.0,2024-01-01,2024-12-31
A-7df7a7,DevTools,US,Basic,NA,SMB,0.65,71640,35820.0,0.0,35820.0,4116.0,0,0,-31704.0,2024-01-01,2024-12-31
A-1ac5e0,DevTools,US,Basic,NA,SMB,0.65,0,0.0,7524.0,0.0,0.0,0,0,7524.0,2024-01-01,2024-12-31
A-52dd88,Cybersecurity,US,Pro,NA,Mid‑Market,0.75,17640,5244.0,0.0,0.0,0.0,0,0,0.0,2024-01-01,2024-12-31
A-bece89,Cybersecurity,IN,Pro,APAC,Mid‑Market,0.75,22344,0.0,62088.0,0.0,0.0,0,0,62088.0,2024-01-01,2024-12-31
A-029f69,Cybersecurity,CA,Basic,NA,SMB,0.65,7752,0.0,15288.0,0.0,15288.0,0,0,30576.0,2024-01-01,2024-12-31
A-5c046d,EdTech,FR,Basic,EMEA,SMB,0.65,222084,0.0,54684.0,0.0,0.0,0,0,54684.0,2024-01-01,2024-12-31
A-fb186e,EdTech,IN,Basic,APAC,SMB,0.65,0,0.0,0.0,0.0,0.0,0,0,0.0,2024-01-01,2024-12-31
A-ae052e,FinTech,CA,Basic,NA,SMB,0.65,0,0.0,0.0,0.0,0.0,0,0,0.0,2024-01-01,2024-12-31
A-9f9299,FinTech,US,Enterprise,NA,Enterprise,0.82,16464,16464.0,0.0,16464.0,6384.0,0,0,-10080.0,2024-01-01,2024-12-31
A-96e141,DevTools,UK,Basic,EMEA,SMB,0.65,59700,18816.0,0.0,0.0,0.0,0,0,0.0,2024-01-01,2024-12-31
A-117171,HealthTech,FR,Basic,EMEA,SMB,0.65,26460,0.0,107460.0,0.0,0.0,0,0,107460.0,2024-01-01,2024-12-31
A-313be3,EdTech,US,Enterprise,NA,Enterprise,0.82,27636,27636.0,0.0,27636.0,112236.0,0,0,84600.0,2024-01-01,2024-12-31
A-671f31,DevTools,US,Basic,NA,SMB,0.65,0,0.0,34692.0,0.0,0.0,0,0,34692.0,2024-01-01,2024-12-31
A-bbc346,FinTech,US,Enterprise,NA,Enterprise,0.82,0,0.0,45372.0,0.0,0.0,0,0,45372.0,2024-01-01,2024-12-31
A-c16101,EdTech,IN,Basic,APAC,SMB,0.65,4116,0.0,4116.0,0.0,0.0,0,0,4116.0,2024-01-01,2024-12-31
A-50f3f7,HealthTech,US,Basic,NA,SMB,0.65,74028,0.0,107460.0,0.0,0.0,0,0,107460.0,2024-01-01,2024-12-31
A-7da956,Cybersecurity,US,Pro,NA,Mid‑Market,0.75,35820,0.0,0.0,0.0,0.0,0,0,0.0,2024-01-01,2024-12-31
A-019782,DevTools,FR,Enterprise,EMEA,Enterprise,0.82,0,2508.0,0.0,0.0,0.0,0,0,0.0,2024-01-01,2024-12-31
A-df10db,DevTools,US,Enterprise,NA,Enterprise,0.82,28656,4116.0,0.0,4116.0,15288.0,0,0,11172.0,2024-01-01,2024-12-31
A-3932db,HealthTech,CA,Pro,NA,Mid‑Market,0.75,0,5244.0,0.0,0.0,0.0,0,0,0.0,2024-01-01,2024-12-31
A-4f18f0,DevTools,CA,Pro,NA,Mid‑Market,0.75,5472,0.0,0.0,0.0,0.0,0,0,0.0,2024-01-01,2024-12-31
A-4c6f11,FinTech,CA,Pro,NA,Mid‑Market,0.75,5472,0.0,57312.0,0.0,0.0,0,0,57312.0,2024-01-01,2024-12-31
A-8ae05d,FinTech,IN,Enterprise,APAC,Enterprise,0.82,0,0.0,19608.0,0.0,19608.0,0,0,39216.0,2024-01-01,2024-12-31
A-b78bf8,DevTools,US,Pro,NA,Mid‑Market,0.75,19404,0.0,78804.0,0.0,0.0,0,0,78804.0,2024-01-01,2024-12-31
A-eafc6e,DevTools,US,Pro,NA,Mid‑Market,0.75,0,81192.0,0.0,0.0,0.0,0,0,0.0,2024-01-01,2024-12-31
A-37f969,HealthTech,IN,Enterprise,APAC,Enterprise,0.82,71640,17640.0,0.0,17640.0,71640.0,0,0,54000.0,2024-01-01,2024-12-31
A-10b8f2,HealthTech,DE,Basic,EMEA,SMB,0.65,28224,112236.0,0.0,112236.0,10716.0,0,0,-101520.0,2024-01-01,2024-12-31
A-439b2f,DevTools,US,Enterprise,NA,Enterprise,0.82,15288,0.0,1596.0,0.0,0.0,0,0,1596.0,2024-01-01,2024-12-31
A-544d0a,DevTools,US,Basic,NA,SMB,0.65,4776,0.0,25284.0,0.0,0.0,0,0,25284.0,2024-01-01,2024-12-31
A-ba6516,FinTech,US,Pro,NA,Mid‑Market,0.75,64476,0.0,64476.0,0.0,64476.0,0,0,128952.0,2024-01-01,2024-12-31
A-712426,HealthTech,US,Enterprise,NA,Enterprise,0.82,0,0.0,0.0,0.0,0.0,0,0,0.0,2024-01-01,2024-12-31
A-038089,DevTools,FR,Pro,EMEA,Mid‑Market,0.75,1140,0.0,2940.0,0.0,0.0,0,0,2940.0,2024-01-01,2024-12-31
A-afa505,DevTools,US,Basic,NA,SMB,0.65,167160,0.0,41160.0,0.0,41160.0,0,0,82320.0,2024-01-01,2024-12-31
A-d5a319,FinTech,US,Enterprise,NA,Enterprise,0.82,35820,167160.0,0.0,0.0,0.0,0,0,0.0,2024-01-01,2024-12-31
A-f97b9a,FinTech,US,Pro,NA,Mid‑Market,0.75,9408,45372.0,0.0,0.0,0.0,0,0,0.0,2024-01-01,2024-12-31
A-2f6a32,HealthTech,US,Basic,NA,SMB,0.65,4332,0.0,0.0,0.0,0.0,0,0,0.0,2024-01-01,2024-12-31
A-856b1e,FinTech,US,Basic,NA,SMB,0.65,0,14700.0,0.0,0.0,0.0,0,0,0.0,2024-01-01,2024-12-31
A-17939a,HealthTech,US,Basic,NA,SMB,0.65,3192,0.0,31044.0,0.0,0.0,0,0,31044.0,2024-01-01,2024-12-31
A-d27f50,Cybersecurity,UK,Enterprise,EMEA,Enterprise,0.82,10032,0.0,105072.0,0.0,0.0,0,0,105072.0,2024-01-01,2024-12-31
A-e36807,EdTech,AU,Pro,APAC,Mid‑Market,0.75,21492,0.0,18468.0,0.0,0.0,0,0,18468.0,2024-01-01,2024-12-31
A-ff79f2,DevTools,US,Basic,NA,SMB,0.65,45372,0.0,2736.0,0.0,0.0,0,0,2736.0,2024-01-01,2024-12-31
A-5b1bcd,DevTools,US,Pro,NA,Mid‑Market,0.75,42924,174324.0,0.0,174324.0,16644.0,0,0,-157680.0,2024-01-01,2024-12-31
A-71615e,EdTech,US,Basic,NA,SMB,0.65,8820,0.0,35820.0,0.0,35820.0,0,0,71640.0,2024-01-01,2024-12-31
A-794a0b,HealthTech,DE,Basic,EMEA,SMB,0.65,74028,5244.0,0.0,0.0,0.0,0,0,0.0,2024-01-01,2024-12-31
A-86902e,HealthTech,IN,Enterprise,APAC,Enterprise,0.82,81192,7752.0,0.0,0.0,0.0,0,0,0.0,2024-01-01,2024-12-31
A-0532a9,FinTech,IN,Pro,APAC,Mid‑Market,0.75,11172,0.0,4332.0,0.0,0.0,0,0,4332.0,2024-01-01,2024-12-31
A-9779ad,Cybersecurity,AU,Pro,APAC,Mid‑Market,0.75,95520,0.0,95520.0,0.0,95520.0,0,0,191040.0,2024-01-01,2024-12-31
A-f45426,HealthTech,US,Basic,NA,SMB,0.65,5292,0.0,0.0,0.0,0.0,0,0,0.0,2024-01-01,2024-12-31
A-c1e51e,FinTech,US,Basic,NA,SMB,0.65,9348,0.0,1596.0,0.0,0.0,0,0,1596.0,2024-01-01,2024-12-31
A-fa3095,FinTech,US,Basic,NA,SMB,0.65,15960,167160.0,0.0,0.0,0.0,0,0,0.0,2024-01-01,2024-12-31
A-ad64c6,DevTools,UK,Pro,EMEA,Mid‑Market,0.75,66864,0.0,28656.0,0.0,28656.0,0,0,57312.0,2024-01-01,2024-12-31
A-39b19f,FinTech,US,Enterprise,NA,Enterprise,0.82,2964,21168.0,0.0,0.0,0.0,0,0,0.0,2024-01-01,2024-12-31
A-56962b,EdTech,UK,Enterprise,EMEA,Enterprise,0.82,389244,0.0,0.0,0.0,0.0,0,0,0.0,2024-01-01,2024-12-31
A-e60f9d,FinTech,US,Basic,NA,SMB,0.65,8664,0.0,17052.0,0.0,0.0,0,0,17052.0,2024-01-01,2024-12-31
A-88c6ca,FinTech,DE,Basic,EMEA,SMB,0.65,13524,0.0,11940.0,0.0,0.0,0,0,11940.0,2024-01-01,2024-12-31
A-158f4e,FinTech,IN,Enterprise,APAC,Enterprise,0.82,145668,35868.0,0.0,0.0,0.0,0,0,0.0,2024-01-01,2024-12-31
A-5b051a,Cybersecurity,US,Enterprise,NA,Enterprise,0.82,12936,0.0,5016.0,0.0,0.0,0,0,5016.0,2024-01-01,2024-12-31
A-296d7c,DevTools,DE,Enterprise,EMEA,Enterprise,0.82,3528,0.0,1368.0,0.0,0.0,0,0,1368.0,2024-01-01,2024-12-31
A-1619f8,DevTools,US,Pro,NA,Mid‑Market,0.75,6612,0.0,131340.0,0.0,131340.0,0,0,262680.0,2024-01-01,2024-12-31
A-a1b80b,HealthTech,US,Basic,NA,SMB,0.65,0,0.0,124176.0,0.0,0.0,0,0,124176.0,2024-01-01,2024-12-31
A-139c3b,HealthTech,US,Enterprise,NA,Enterprise,0.82,0,0.0,9996.0,0.0,0.0,0,0,9996.0,2024-01-01,2024-12-31
A-702032,HealthTech,US,Pro,NA,Mid‑Market,0.75,16464,0.0,66864.0,0.0,66864.0,0,0,133728.0,2024-01-01,2024-12-31
A-7a0d69,DevTools,DE,Enterprise,EMEA,Enterprise,0.82,38208,0.0,0.0,0.0,0.0,0,0,0.0,2024-01-01,2024-12-31
A-22d9d2,DevTools,FR,Pro,EMEA,Mid‑Market,0.75,18816,0.0,1824.0,0.0,0.0,0,0,1824.0,2024-01-01,2024-12-31
A-b9eed8,Cybersecurity,US,Basic,NA,SMB,0.65,4104,0.0,35820.0,0.0,0.0,0,0,35820.0,2024-01-01,2024-12-31
A-dfbd31,DevTools,UK,Enterprise,EMEA,Enterprise,0.82,3192,0.0,0.0,0.0,0.0,0,0,0.0,2024-01-01,2024-12-31
A-8e47ca,HealthTech,US,Pro,NA,Mid‑Market,0.75,59700,0.0,11172.0,0.0,11172.0,0,0,22344.0,2024-01-01,2024-12-31
A-4437e4,Cybersecurity,US,Enterprise,NA,Enterprise,0.82,2052,0.0,0.0,0.0,28812.0,0,0,28812.0,2024-01-01,2024-12-31
A-779e4e,HealthTech,US,Basic,NA,SMB,0.65,22344,85968.0,0.0,0.0,0.0,0,0,0.0,2024-01-01,2024-12-31
A-53f4e3,Cybersecurity,UK,Enterprise,EMEA,Enterprise,0.82,17052,0.0,11172.0,0.0,0.0,0,0,11172.0,2024-01-01,2024-12-31
A-692f18,EdTech,US,Basic,NA,SMB,0.65,66864,0.0,69252.0,0.0,0.0,0,0,69252.0,2024-01-01,2024-12-31
A-13466a,DevTools,AU,Basic,APAC,SMB,0.65,2052,456.0,0.0,0.0,0.0,0,0,0.0,2024-01-01,2024-12-31
A-1986ca,HealthTech,IN,Pro,APAC,Mid‑Market,0.75,47760,0.0,0.0,0.0,0.0,0,0,0.0,2024-01-01,2024-12-31
A-0cc442,EdTech,US,Basic,NA,SMB,0.65,107460,0.0,0.0,0.0,0.0,0,0,0.0,2024-01-01,2024-12-31
A-c608c8,DevTools,DE,Pro,EMEA,Mid‑Market,0.75,12348,6468.0,0.0,6468.0,12348.0,0,0,5880.0,2024-01-01,2024-12-31
A-3be56b,HealthTech,IN,Pro,APAC,Mid‑Market,0.75,4560,36456.0,0.0,36456.0,20580.0,0,0,-15876.0,2024-01-01,2024-12-31
A-354f12,FinTech,US,Pro,NA,Mid‑Market,0.75,1596,0.0,81192.0,0.0,0.0,0,0,81192.0,2024-01-01,2024-12-31
A-68f37c,HealthTech,US,Basic,NA,SMB,0.65,9552,6468.0,0.0,6468.0,21492.0,0,0,15024.0,2024-01-01,2024-12-31
A-aa9511,DevTools,US,Pro,NA,Mid‑Market,0.75,71640,78804.0,0.0,0.0,0.0,0,0,0.0,2024-01-01,2024-12-31
A-af0cd2,Cybersecurity,IN,Enterprise,APAC,Enterprise,0.82,12996,4332.0,0.0,0.0,0.0,0,0,0.0,2024-01-01,2024-12-31
A-bd4513,DevTools,AU,Enterprise,APAC,Enterprise,0.82,11400,0.0,119400.0,0.0,0.0,0,0,119400.0,2024-01-01,2024-12-31
A-c222ab,Cybersecurity,US,Pro,NA,Mid‑Market,0.75,18816,0.0,18816.0,0.0,18816.0,0,0,37632.0,2024-01-01,2024-12-31
A-34d880,Cybersecurity,AU,Enterprise,APAC,Enterprise,0.82,11940,0.0,126564.0,0.0,0.0,0,0,126564.0,2024-01-01,2024-12-31
A-508199,FinTech,AU,Basic,APAC,SMB,0.65,0,0.0,45372.0,0.0,0.0,0,0,45372.0,2024-01-01,2024-12-31
A-f03140,DevTools,IN,Pro,APAC,Mid‑Market,0.75,0,6156.0,0.0,0.0,0.0,0,0,0.0,2024-01-01,2024-12-31
A-410e86,FinTech,US,Basic,NA,SMB,0.65,57312,0.0,57312.0,0.0,0.0,0,0,57312.0,2024-01-01,2024-12-31
A-fa2041,HealthTech,US,Pro,NA,Mid‑Market,0.75,0,0.0,0.0,0.0,0.0,0,0,0.0,2024-01-01,2024-12-31
A-de58ca,HealthTech,DE,Enterprise,EMEA,Enterprise,0.82,85968,10716.0,0.0,0.0,0.0,0,0,0.0,2024-01-01,2024-12-31
A-05d3b3,DevTools,AU,Basic,APAC,SMB,0.65,45372,0.0,0.0,0.0,31044.0,0,0,31044.0,2024-01-01,2024-12-31
A-249769,Cybersecurity,US,Enterprise,NA,Enterprise,0.82,1596,0.0,3420.0,0.0,0.0,0,0,3420.0,2024-01-01,2024-12-31
A-e43bf7,Cybersecurity,AU,Pro,APAC,Mid‑Market,0.75,105072,167160.0,0.0,0.0,0.0,0,0,0.0,2024-01-01,2024-12-31
A-eb2fdc,DevTools,AU,Enterprise,APAC,Enterprise,0.82,7068,0.0,18228.0,0.0,18228.0,0,0,36456.0,2024-01-01,2024-12-31
A-e1462e,FinTech,UK,Basic,EMEA,SMB,0.65,3420,69252.0,0.0,0.0,0.0,0,0,0.0,2024-01-01,2024-12-31
A-cab532,DevTools,FR,Pro,EMEA,Mid‑Market,0.75,20580,18228.0,0.0,18228.0,0.0,0,0,-18228.0,2024-01-01,2024-12-31
A-9123ac,Cybersecurity,DE,Pro,EMEA,Mid‑Market,0.75,42984,100296.0,0.0,0.0,0.0,0,0,0.0,2024-01-01,2024-12-31
A-6e08f3,Cybersecurity,US,Basic,NA,SMB,0.65,2964,0.0,0.0,0.0,0.0,0,0,0.0,2024-01-01,2024-12-31
A-d922bf,HealthTech,US,Basic,NA,SMB,0.65,21492,76416.0,0.0,0.0,0.0,0,0,0.0,2024-01-01,2024-12-31
A-8ed5dd,EdTech,UK,Enterprise,EMEA,Enterprise,0.82,3420,27048.0,0.0,0.0,0.0,0,0,0.0,2024-01-01,2024-12-31
A-7c6b6b,FinTech,US,Basic,NA,SMB,0.65,13524,0.0,15288.0,0.0,0.0,0,0,15288.0,2024-01-01,2024-12-31
A-3c1a3f,DevTools,UK,Pro,EMEA,Mid‑Market,0.75,1596,0.0,0.0,0.0,0.0,0,0,0.0,2024-01-01,2024-12-31
A-b48f73,EdTech,AU,Pro,APAC,Mid‑Market,0.75,47040,0.0,18240.0,0.0,0.0,0,0,18240.0,2024-01-01,2024-12-31
A-76fa4d,HealthTech,US,Pro,NA,Mid‑Market,0.75,40572,0.0,164772.0,0.0,0.0,0,0,164772.0,2024-01-01,2024-12-31
A-b2af2e,Cybersecurity,UK,Enterprise,EMEA,Enterprise,0.82,12312,0.0,2508.0,0.0,0.0,0,0,2508.0,2024-01-01,2024-12-31
A-9bfc9f,DevTools,CA,Pro,NA,Mid‑Market,0.75,35280,12084.0,0.0,0.0,0.0,0,0,0.0,2024-01-01,2024-12-31
A-4ae22a,EdTech,US,Pro,NA,Mid‑Market,0.75,6384,0.0,66864.0,0.0,66864.0,0,0,133728.0,2024-01-01,2024-12-31
A-fda07f,Cybersecurity,FR,Basic,EMEA,SMB,0.65,3192,0.0,33432.0,0.0,33432.0,0,0,66864.0,2024-01-01,2024-12-31
A-de24d5,DevTools,US,Enterprise,NA,Enterprise,0.82,2940,0.0,11760.0,0.0,0.0,0,0,11760.0,2024-01-01,2024-12-31
A-977ca0,HealthTech,IN,Basic,APAC,SMB,0.65,8232,2508.0,0.0,0.0,0.0,0,0,0.0,2024-01-01,2024-12-31
A-ab438f,Cybersecurity,US,Enterprise,NA,Enterprise,0.82,0,0.0,0.0,0.0,0.0,0,0,0.0,2024-01-01,2024-12-31
A-e89151,FinTech,UK,Pro,EMEA,Mid‑Market,0.75,105072,19104.0,0.0,0.0,0.0,0,0,0.0,2024-01-01,2024-12-31
A-40906c,EdTech,US,Basic,NA,SMB,0.65,54096,0.0,0.0,0.0,0.0,0,0,0.0,2024-01-01,2024-12-31
A-81edc3,Cybersecurity,IN,Basic,APAC,SMB,0.65,11940,11940.0,0.0,11940.0,11940.0,0,0,0.0,2024-01-01,2024-12-31
A-328bd0,HealthTech,AU,Enterprise,APAC,Enterprise,0.82,10584,22932.0,0.0,0.0,0.0,0,0,0.0,2024-01-01,2024-12-31
A-b3fe05,Cybersecurity,CA,Pro,NA,Mid‑Market,0.75,0,0.0,0.0,0.0,0.0,0,0,0.0,2024-01-01,2024-12-31
A-09540c,Cybersecurity,CA,Basic,NA,SMB,0.65,39396,0.0,15276.0,0.0,15276.0,0,0,30552.0,2024-01-01,2024-12-31
A-e693b6,FinTech,AU,Enterprise,APAC,Enterprise,0.82,131340,32340.0,0.0,0.0,0.0,0,0,0.0,2024-01-01,2024-12-31
A-2446e3,EdTech,IN,Pro,APAC,Mid‑Market,0.75,64476,0.0,15876.0,0.0,15876.0,0,0,31752.0,2024-01-01,2024-12-31
A-241e75,EdTech,US,Enterprise,NA,Enterprise,0.82,1140,0.0,27048.0,0.0,0.0,0,0,27048.0,2024-01-01,2024-12-31
A-922109,Cybersecurity,US,Pro,NA,Mid‑Market,0.75,0,0.0,22344.0,0.0,22344.0,0,0,44688.0,2024-01-01,2024-12-31
A-ff3c73,HealthTech,AU,Pro,APAC,Mid‑Market,0.75,4788,0.0,0.0,0.0,0.0,0,0,0.0,2024-01-01,2024-12-31
A-8b0451,FinTech,UK,Enterprise,EMEA,Enterprise,0.82,97908,0.0,9348.0,0.0,0.0,0,0,9348.0,2024-01-01,2024-12-31
A-331424,DevTools,US,Basic,NA,SMB,0.65,0,0.0,0.0,0.0,0.0,0,0,0.0,2024-01-01,2024-12-31
A-51ec1b,DevTools,US,Enterprise,NA,Enterprise,0.82,40596,0.0,2508.0,0.0,0.0,0,0,2508.0,2024-01-01,2024-12-31
A-bcf664,DevTools,US,Pro,NA,Mid‑Market,0.75,27636,2964.0,0.0,2964.0,12540.0,0,0,9576.0,2024-01-01,2024-12-31
A-90a8c8,FinTech,AU,Pro,APAC,Mid‑Market,0.75,35820,0.0,18816.0,0.0,18816.0,0,0,37632.0,2024-01-01,2024-12-31
A-86cdb4,DevTools,DE,Basic,EMEA,SMB,0.65,3876,0.0,1176.0,0.0,0.0,0,0,1176.0,2024-01-01,2024-12-31
A-4bfa33,Cybersecurity,US,Basic,NA,SMB,0.65,0,0.0,7644.0,0.0,0.0,0,0,7644.0,2024-01-01,2024-12-31
A-dbc825,EdTech,FR,Enterprise,EMEA,Enterprise,0.82,4332,0.0,45372.0,0.0,45372.0,0,0,90744.0,2024-01-01,2024-12-31
A-c70870,Cybersecurity,US,Basic,NA,SMB,0.65,55272,0.0,7068.0,0.0,0.0,0,0,7068.0,2024-01-01,2024-12-31
A-7c4956,DevTools,US,Enterprise,NA,Enterprise,0.82,6156,11940.0,0.0,0.0,0.0,0,0,0.0,2024-01-01,2024-12-31
A-0651a4,HealthTech,FR,Pro,EMEA,Mid‑Market,0.75,155220,0.0,143280.0,0.0,0.0,0,0,143280.0,2024-01-01,2024-12-31
A-3ce5b8,FinTech,IN,Basic,APAC,SMB,0.65,0,111132.0,0.0,0.0,0.0,0,0,0.0,2024-01-01,2024-12-31
A-bd4708,FinTech,US,Pro,NA,Mid‑Market,0.75,88356,0.0,88356.0,0.0,0.0,0,0,88356.0,2024-01-01,2024-12-31
A-993085,HealthTech,US,Basic,NA,SMB,0.65,100296,7068.0,0.0,7068.0,0.0,0,0,-7068.0,2024-01-01,2024-12-31
A-92a3af,Cybersecurity,IN,Enterprise,APAC,Enterprise,0.82,14700,0.0,14700.0,0.0,0.0,0,0,14700.0,2024-01-01,2024-12-31
A-151c9a,FinTech,US,Enterprise,NA,Enterprise,0.82,30576,17052.0,0.0,0.0,0.0,0,0,0.0,2024-01-01,2024-12-31
A-474ad4,EdTech,US,Basic,NA,SMB,0.65,57312,3876.0,0.0,0.0,0.0,0,0,0.0,2024-01-01,2024-12-31
A-4ef964,HealthTech,US,Pro,NA,Mid‑Market,0.75,16464,0.0,40596.0,0.0,40596.0,0,0,81192.0,2024-01-01,2024-12-31
A-fd9422,Cybersecurity,US,Pro,NA,Mid‑Market,0.75,34104,0.0,0.0,0.0,0.0,0,0,0.0,2024-01-01,2024-12-31
A-0baac2,FinTech,DE,Enterprise,EMEA,Enterprise,0.82,33432,0.0,69252.0,0.0,69252.0,0,0,138504.0,2024-01-01,2024-12-31
A-bb1486,HealthTech,US,Basic,NA,SMB,0.65,39396,0.0,24696.0,0.0,0.0,0,0,24696.0,2024-01-01,2024-12-31
A-560d27,DevTools,US,Pro,NA,Mid‑Market,0.75,0,0.0,169548.0,0.0,0.0,0,0,169548.0,2024-01-01,2024-12-31
A-0b0d6d,DevTools,US,Pro,NA,Mid‑Market,0.75,12348,0.0,684.0,0.0,0.0,0,0,684.0,2024-01-01,2024-12-31
A-2789e3,FinTech,US,Enterprise,NA,Enterprise,0.82,0,0.0,7524.0,0.0,0.0,0,0,7524.0,2024-01-01,2024-12-31
A-b07346,HealthTech,US,Pro,NA,Mid‑Market,0.75,0,0.0,11628.0,0.0,0.0,0,0,11628.0,2024-01-01,2024-12-31
A-902ef7,HealthTech,US,Enterprise,NA,Enterprise,0.82,18924,0.0,48804.0,0.0,48804.0,0,0,97608.0,2024-01-01,2024-12-31
A-20736a,EdTech,IN,Enterprise,APAC,Enterprise,0.82,119400,0.0,29400.0,0.0,29400.0,0,0,58800.0,2024-01-01,2024-12-31
A-e4bf56,HealthTech,IN,Pro,APAC,Mid‑Market,0.75,52536,0.0,40596.0,0.0,0.0,0,0,40596.0,2024-01-01,2024-12-31
A-cea1f0,FinTech,US,Pro,NA,Mid‑Market,0.75,19104,0.0,5700.0,0.0,0.0,0,0,5700.0,2024-01-01,2024-12-31
A-ef84cf,EdTech,US,Enterprise,NA,Enterprise,0.82,1824,0.0,0.0,0.0,0.0,0,0,0.0,2024-01-01,2024-12-31
A-d49cc5,Cybersecurity,FR,Basic,EMEA,SMB,0.65,11400,0.0,11400.0,0.0,11400.0,0,0,22800.0,2024-01-01,2024-12-31
A-67be94,EdTech,US,Enterprise,NA,Enterprise,0.82,15288,9348.0,0.0,9348.0,14136.0,0,0,4788.0,2024-01-01,2024-12-31
A-4e960a,FinTech,US,Enterprise,NA,Enterprise,0.82,2736,0.0,0.0,0.0,0.0,0,0,0.0,2024-01-01,2024-12-31
A-c37cab,Cybersecurity,UK,Pro,EMEA,Mid‑Market,0.75,5244,0.0,50148.0,0.0,0.0,0,0,50148.0,2024-01-01,2024-12-31
A-533452,DevTools,AU,Pro,APAC,Mid‑Market,0.75,11856,0.0,14700.0,0.0,0.0,0,0,14700.0,2024-01-01,2024-12-31
A-443b7c,Cybersecurity,US,Enterprise,NA,Enterprise,0.82,1824,0.0,2940.0,0.0,0.0,0,0,2940.0,2024-01-01,2024-12-31
A-1f7acb,FinTech,UK,Basic,EMEA,SMB,0.65,152832,14592.0,0.0,0.0,0.0,0,0,0.0,2024-01-01,2024-12-31
A-f51f16,HealthTech,US,Enterprise,NA,Enterprise,0.82,456,0.0,5472.0,0.0,0.0,0,0,5472.0,2024-01-01,2024-12-31
A-5a3eb9,DevTools,CA,Enterprise,NA,Enterprise,0.82,10584,6612.0,0.0,6612.0,10584.0,0,0,3972.0,2024-01-01,2024-12-31
A-5f2961,HealthTech,US,Basic,NA,SMB,0.65,3648,0.0,16716.0,0.0,0.0,0,0,16716.0,2024-01-01,2024-12-31
A-417d2f,Cybersecurity,IN,Pro,APAC,Mid‑Market,0.75,19404,9552.0,0.0,0.0,0.0,0,0,0.0,2024-01-01,2024-12-31
A-e98302,EdTech,US,Enterprise,NA,Enterprise,0.82,34104,0.0,10584.0,0.0,0.0,0,0,10584.0,2024-01-01,2024-12-31
A-8bde0c,DevTools,US,Basic,NA,SMB,0.65,28656,0.0,7056.0,0.0,0.0,0,0,7056.0,2024-01-01,2024-12-31
A-bcf87c,FinTech,US,Pro,NA,Mid‑Market,0.75,40596,0.0,9996.0,0.0,0.0,0,0,9996.0,2024-01-01,2024-12-31
A-54ecc2,Cybersecurity,US,Enterprise,NA,Enterprise,0.82,66864,912.0,0.0,0.0,0.0,0,0,0.0,2024-01-01,2024-12-31
A-625d0b,EdTech,AU,Basic,APAC,SMB,0.65,21492,0.0,0.0,0.0,0.0,0,0,0.0,2024-01-01,2024-12-31
A-fce879,EdTech,UK,Pro,EMEA,Mid‑Market,0.75,4788,0.0,7524.0,0.0,0.0,0,0,7524.0,2024-01-01,2024-12-31
A-b07b56,DevTools,US,Pro,NA,Mid‑Market,0.75,0,0.0,5700.0,0.0,0.0,0,0,5700.0,2024-01-01,2024-12-31
A-6da850,FinTech,IN,Pro,APAC,Mid‑Market,0.75,1368,2940.0,0.0,2940.0,5700.0,0,0,2760.0,2024-01-01,2024-12-31
A-342303,EdTech,US,Pro,NA,Mid‑Market,0.75,0,0.0,3876.0,0.0,3876.0,0,0,7752.0,2024-01-01,2024-12-31
A-e7a1e2,Cybersecurity,US,Enterprise,NA,Enterprise,0.82,105072,0.0,33432.0,0.0,33432.0,0,0,66864.0,2024-01-01,2024-12-31
A-f1f639,EdTech,US,Basic,NA,SMB,0.65,21492,11940.0,0.0,11940.0,456.0,0,0,-11484.0,2024-01-01,2024-12-31
A-a865bd,Cybersecurity,US,Pro,NA,Mid‑Market,0.75,32928,0.0,22344.0,0.0,22344.0,0,0,44688.0,2024-01-01,2024-12-31
A-4e631b,FinTech,US,Enterprise,NA,Enterprise,0.82,5016,0.0,95520.0,0.0,0.0,0,0,95520.0,2024-01-01,2024-12-31
A-7f6b86,HealthTech,US,Basic,NA,SMB,0.65,10260,34692.0,0.0,34692.0,26460.0,0,0,-8232.0,2024-01-01,2024-12-31
A-8adedc,EdTech,US,Basic,NA,SMB,0.65,39984,0.0,136116.0,0.0,0.0,0,0,136116.0,2024-01-01,2024-12-31
A-2edab2,HealthTech,US,Enterprise,NA,Enterprise,0.82,9996,3876.0,0.0,3876.0,9996.0,0,0,6120.0,2024-01-01,2024-12-31
A-149a69,DevTools,US,Basic,NA,SMB,0.65,7752,0.0,7752.0,0.0,0.0,0,0,7752.0,2024-01-01,2024-12-31
A-a6d261,FinTech,CA,Pro,NA,Mid‑Market,0.75,2964,2052.0,0.0,2052.0,0.0,0,0,-2052.0,2024-01-01,2024-12-31
A-443f6f,Cybersecurity,US,Basic,NA,SMB,0.65,11172,0.0,45372.0,0.0,0.0,0,0,45372.0,2024-01-01,2024-12-31
A-202b67,HealthTech,US,Pro,NA,Mid‑Market,0.75,69252,0.0,6468.0,0.0,6468.0,0,0,12936.0,2024-01-01,2024-12-31
A-00bed1,Cybersecurity,US,Basic,NA,SMB,0.65,66864,13908.0,0.0,13908.0,16464.0,0,0,2556.0,2024-01-01,2024-12-31
A-ffc04f,EdTech,US,Pro,NA,Mid‑Market,0.75,2964,0.0,31044.0,0.0,31044.0,0,0,62088.0,2024-01-01,2024-12-31
A-65c341,FinTech,US,Pro,NA,Mid‑Market,0.75,22932,0.0,9996.0,0.0,9996.0,0,0,19992.0,2024-01-01,2024-12-31
A-dcc2f0,FinTech,UK,Basic,EMEA,SMB,0.65,7296,5700.0,0.0,5700.0,38208.0,0,0,32508.0,2024-01-01,2024-12-31
A-ced9aa,DevTools,US,Enterprise,NA,Enterprise,0.82,1764,0.0,14328.0,0.0,0.0,0,0,14328.0,2024-01-01,2024-12-31
A-3d957b,HealthTech,UK,Pro,EMEA,Mid‑Market,0.75,33432,0.0,8232.0,0.0,8232.0,0,0,16464.0,2024-01-01,2024-12-31
A-89ee83,Cybersecurity,US,Pro,NA,Mid‑Market,0.75,42984,0.0,8664.0,0.0,0.0,0,0,8664.0,2024-01-01,2024-12-31
A-883b7d,Cybersecurity,IN,Basic,APAC,SMB,0.65,119400,0.0,9996.0,0.0,0.0,0,0,9996.0,2024-01-01,2024-12-31
A-dcc3f1,HealthTech,US,Pro,NA,Mid‑Market,0.75,4788,4788.0,0.0,4788.0,29988.0,0,0,25200.0,2024-01-01,2024-12-31
A-c62e55,EdTech,US,Basic,NA,SMB,0.65,8232,19992.0,0.0,0.0,0.0,0,0,0.0,2024-01-01,2024-12-31
A-e4144b,EdTech,UK,Pro,EMEA,Mid‑Market,0.75,97908,0.0,97908.0,0.0,0.0,0,0,97908.0,2024-01-01,2024-12-31
A-e40f45,HealthTech,US,Pro,NA,Mid‑Market,0.75,4788,0.0,25872.0,0.0,0.0,0,0,25872.0,2024-01-01,2024-12-31
A-96215d,FinTech,US,Enterprise,NA,Enterprise,0.82,5880,0.0,23880.0,0.0,0.0,0,0,23880.0,2024-01-01,2024-12-31
A-2b9d3e,EdTech,US,Enterprise,NA,Enterprise,0.82,4776,11940.0,0.0,0.0,0.0,0,0,0.0,2024-01-01,2024-12-31
A-b7724f,HealthTech,UK,Basic,EMEA,SMB,0.65,6612,7524.0,0.0,0.0,0.0,0,0,0.0,2024-01-01,2024-12-31
A-310452,DevTools,FR,Enterprise,EMEA,Enterprise,0.82,2052,0.0,5292.0,0.0,0.0,0,0,5292.0,2024-01-01,2024-12-31
A-eb1312,FinTech,US,Pro,NA,Mid‑Market,0.75,5700,0.0,14700.0,0.0,14700.0,0,0,29400.0,2024-01-01,2024-12-31
A-df1e44,Cybersecurity,UK,Enterprise,EMEA,Enterprise,0.82,7056,0.0,0.0,0.0,0.0,0,0,0.0,2024-01-01,2024-12-31
A-6a7c9d,Cybersecurity,US,Enterprise,NA,Enterprise,0.82,15288,0.0,62088.0,0.0,0.0,0,0,62088.0,2024-01-01,2024-12-31
A-cbd1a3,DevTools,US,Basic,NA,SMB,0.65,4560,0.0,42984.0,0.0,0.0,0,0,42984.0,2024-01-01,2024-12-31
A-a8d89d,EdTech,US,Pro,NA,Mid‑Market,0.75,3876,186264.0,0.0,186264.0,2964.0,0,0,-183300.0,2024-01-01,2024-12-31
A-600734,DevTools,US,Pro,NA,Mid‑Market,0.75,21168,0.0,17052.0,0.0,0.0,0,0,17052.0,2024-01-01,2024-12-31
A-86fc1d,DevTools,UK,Basic,EMEA,SMB,0.65,0,0.0,32928.0,0.0,32928.0,0,0,65856.0,2024-01-01,2024-12-31
A-78f02b,HealthTech,US,Enterprise,NA,Enterprise,0.82,6468,0.0,26268.0,0.0,0.0,0,0,26268.0,2024-01-01,2024-12-31
A-acb7f7,EdTech,US,Basic,NA,SMB,0.65,7296,0.0,76416.0,0.0,76416.0,0,0,152832.0,2024-01-01,2024-12-31
A-712f1c,DevTools,US,Basic,NA,SMB,0.65,9996,0.0,5472.0,0.0,0.0,0,0,5472.0,2024-01-01,2024-12-31
A-3793ee,Cybersecurity,CA,Enterprise,NA,Enterprise,0.82,117012,0.0,0.0,0.0,0.0,0,0,0.0,2024-01-01,2024-12-31
A-9a532a,HealthTech,US,Enterprise,NA,Enterprise,0.82,26268,0.0,78804.0,0.0,0.0,0,0,78804.0,2024-01-01,2024-12-31
A-2ebb4b,HealthTech,US,Basic,NA,SMB,0.65,24108,0.0,0.0,0.0,0.0,0,0,0.0,2024-01-01,2024-12-31
A-6843f2,HealthTech,CA,Enterprise,NA,Enterprise,0.82,12348,0.0,12348.0,0.0,0.0,0,0,12348.0,2024-01-01,2024-12-31
A-c9bb3e,EdTech,US,Pro,NA,Mid‑Market,0.75,2280,0.0,20580.0,0.0,20580.0,0,0,41160.0,2024-01-01,2024-12-31
A-4814a3,Cybersecurity,IN,Basic,APAC,SMB,0.65,51156,0.0,51156.0,0.0,0.0,0,0,51156.0,2024-01-01,2024-12-31
A-b7b7b7,FinTech,US,Basic,NA,SMB,0.65,14112,0.0,14112.0,0.0,0.0,0,0,14112.0,2024-01-01,2024-12-31
A-ccc747,HealthTech,FR,Pro,EMEA,Mid‑Market,0.75,3648,0.0,0.0,0.0,0.0,0,0,0.0,2024-01-01,2024-12-31
A-bb3bd4,HealthTech,US,Basic,NA,SMB,0.65,5244,0.0,54924.0,0.0,54924.0,0,0,109848.0,2024-01-01,2024-12-31
A-09316c,FinTech,AU,Enterprise,APAC,Enterprise,0.82,167160,0.0,167160.0,0.0,0.0,0,0,167160.0,2024-01-01,2024-12-31
A-96bbc6,Cybersecurity,US,Enterprise,NA,Enterprise,0.82,8892,0.0,22932.0,0.0,0.0,0,0,22932.0,2024-01-01,2024-12-31
A-bc4d48,EdTech,US,Pro,NA,Mid‑Market,0.75,7980,0.0,7980.0,0.0,0.0,0,0,7980.0,2024-01-01,2024-12-31
A-b30291,HealthTech,US,Basic,NA,SMB,0.65,2940,0.0,1140.0,0.0,1140.0,0,0,2280.0,2024-01-01,2024-12-31
A-cdf020,DevTools,AU,Pro,APAC,Mid‑Market,0.75,25872,18228.0,0.0,0.0,0.0,0,0,0.0,2024-01-01,2024-12-31
A-e6afc1,DevTools,US,Pro,NA,Mid‑Market,0.75,0,39984.0,0.0,0.0,0.0,0,0,0.0,2024-01-01,2024-12-31
A-e3bd71,Cybersecurity,US,Basic,NA,SMB,0.65,18228,74028.0,0.0,0.0,0.0,0,0,0.0,2024-01-01,2024-12-31
A-b179bf,Cybersecurity,IN,Basic,APAC,SMB,0.65,0,0.0,0.0,0.0,0.0,0,0,0.0,2024-01-01,2024-12-31
A-098560,DevTools,UK,Enterprise,EMEA,Enterprise,0.82,9552,20580.0,0.0,20580.0,0.0,0,0,-20580.0,2024-01-01,2024-12-31
A-82861f,DevTools,UK,Basic,EMEA,SMB,0.65,97908,0.0,24108.0,0.0,24108.0,0,0,48216.0,2024-01-01,2024-12-31
A-94c3cd,FinTech,CA,Enterprise,NA,Enterprise,0.82,76416,0.0,0.0,0.0,0.0,0,0,0.0,2024-01-01,2024-12-31
A-a33200,HealthTech,US,Basic,NA,SMB,0.65,6612,0.0,17052.0,0.0,0.0,0,0,17052.0,2024-01-01,2024-12-31
A-034368,EdTech,US,Enterprise,NA,Enterprise,0.82,54924,0.0,0.0,0.0,5928.0,0,0,5928.0,2024-01-01,2024-12-31
A-b54c01,DevTools,US,Enterprise,NA,Enterprise,0.82,6612,0.0,0.0,0.0,0.0,0,0,0.0,2024-01-01,2024-12-31
A-d82ef9,EdTech,UK,Basic,EMEA,SMB,0.65,5928,0.0,0.0,0.0,0.0,0,0,0.0,2024-01-01,2024-12-31
A-bb2f49,Cybersecurity,US,Pro,NA,Mid‑Market,0.75,16464,19104.0,0.0,0.0,0.0,0,0,0.0,2024-01-01,2024-12-31
A-1f559b,HealthTech,US,Enterprise,NA,Enterprise,0.82,2280,2940.0,0.0,0.0,0.0,0,0,0.0,2024-01-01,2024-12-31
A-5a215a,EdTech,FR,Enterprise,EMEA,Enterprise,0.82,51156,0.0,19836.0,0.0,0.0,0,0,19836.0,2024-01-01,2024-12-31
A-3f9cc0,HealthTech,US,Basic,NA,SMB,0.65,71640,0.0,52536.0,0.0,0.0,0,0,52536.0,2024-01-01,2024-12-31
A-f9cc74,DevTools,FR,Enterprise,EMEA,Enterprise,0.82,0,0.0,71640.0,0.0,0.0,0,0,71640.0,2024-01-01,2024-12-31
A-ed510f,Cybersecurity,IN,Basic,APAC,SMB,0.65,24696,100296.0,0.0,0.0,0.0,0,0,0.0,2024-01-01,2024-12-31
A-5c9849,EdTech,IN,Basic,APAC,SMB,0.65,11172,0.0,14820.0,0.0,0.0,0,0,14820.0,2024-01-01,2024-12-31
A-a7bd4b,Cybersecurity,US,Enterprise,NA,Enterprise,0.82,4104,0.0,0.0,0.0,0.0,0,0,0.0,2024-01-01,2024-12-31
A-d4ac0e,DevTools,UK,Basic,EMEA,SMB,0.65,10584,0.0,0.0,0.0,0.0,0,0,0.0,2024-01-01,2024-12-31
A-ffdfd5,EdTech,US,Basic,NA,SMB,0.65,1764,0.0,6468.0,0.0,6468.0,0,0,12936.0,2024-01-01,2024-12-31
A-0dbdc6,Cybersecurity,DE,Pro,EMEA,Mid‑Market,0.75,27636,6840.0,0.0,6840.0,6840.0,0,0,0.0,2024-01-01,2024-12-31
A-7cfe77,DevTools,US,Pro,NA,Mid‑Market,0.75,15732,0.0,40572.0,0.0,0.0,0,0,40572.0,2024-01-01,2024-12-31
A-1f0636,EdTech,AU,Pro,APAC,Mid‑Market,0.75,250740,0.0,0.0,0.0,0.0,0,0,0.0,2024-01-01,2024-12-31
A-40de06,Cybersecurity,US,Enterprise,NA,Enterprise,0.82,6384,66864.0,0.0,0.0,0.0,0,0,0.0,2024-01-01,2024-12-31
A-cb5333,DevTools,US,Pro,NA,Mid‑Market,0.75,19404,0.0,78804.0,0.0,78804.0,0,0,157608.0,2024-01-01,2024-12-31
A-309e54,DevTools,US,Pro,NA,Mid‑Market,0.75,3420,0.0,0.0,0.0,0.0,0,0,0.0,2024-01-01,2024-12-31
A-6e7827,DevTools,US,Basic,NA,SMB,0.65,9996,588.0,0.0,588.0,4776.0,0,0,4188.0,2024-01-01,2024-12-31
A-50bb9f,Cybersecurity,US,Pro,NA,Mid‑Market,0.75,31752,0.0,83580.0,0.0,83580.0,0,0,167160.0,2024-01-01,2024-12-31
A-5fe118,Cybersecurity,US,Enterprise,NA,Enterprise,0.82,0,0.0,72324.0,0.0,0.0,0,0,72324.0,2024-01-01,2024-12-31
A-5247b3,FinTech,UK,Pro,EMEA,Mid‑Market,0.75,16872,0.0,38208.0,0.0,0.0,0,0,38208.0,2024-01-01,2024-12-31
A-f44180,Cybersecurity,UK,Pro,EMEA,Mid‑Market,0.75,0,21492.0,0.0,0.0,0.0,0,0,0.0,2024-01-01,2024-12-31
A-c16cf7,EdTech,US,Pro,NA,Mid‑Market,0.75,7980,0.0,7644.0,0.0,0.0,0,0,7644.0,2024-01-01,2024-12-31
A-d42431,FinTech,FR,Enterprise,EMEA,Enterprise,0.82,52536,0.0,5016.0,0.0,5016.0,0,0,10032.0,2024-01-01,2024-12-31
A-6965e1,DevTools,US,Basic,NA,SMB,0.65,2964,0.0,0.0,0.0,0.0,0,0,0.0,2024-01-01,2024-12-31
A-0354fe,Cybersecurity,US,Basic,NA,SMB,0.65,81192,0.0,7752.0,0.0,0.0,0,0,7752.0,2024-01-01,2024-12-31
A-0a62f5,FinTech,UK,Pro,EMEA,Mid‑Market,0.75,5700,0.0,38208.0,0.0,0.0,0,0,38208.0,2024-01-01,2024-12-31
A-f5641b,EdTech,US,Pro,NA,Mid‑Market,0.75,107460,0.0,74028.0,0.0,74028.0,0,0,148056.0,2024-01-01,2024-12-31
A-b44e3e,Cybersecurity,UK,Basic,EMEA,SMB,0.65,95520,0.0,188652.0,0.0,188652.0,0,0,377304.0,2024-01-01,2024-12-31
A-3b37d9,FinTech,US,Enterprise,NA,Enterprise,0.82,54924,0.0,0.0,0.0,0.0,0,0,0.0,2024-01-01,2024-12-31
A-54d94a,Cybersecurity,IN,Basic,APAC,SMB,0.65,6156,15876.0,0.0,0.0,0.0,0,0,0.0,2024-01-01,2024-12-31
A-7f29a7,Cybersecurity,UK,Basic,EMEA,SMB,0.65,24108,0.0,9348.0,0.0,0.0,0,0,9348.0,2024-01-01,2024-12-31
A-089363,FinTech,AU,Basic,APAC,SMB,0.65,0,9120.0,0.0,0.0,0.0,0,0,0.0,2024-01-01,2024-12-31
A-524364,DevTools,FR,Enterprise,EMEA,Enterprise,0.82,6468,0.0,0.0,0.0,0.0,0,0,0.0,2024-01-01,2024-12-31
A-855a48,EdTech,US,Pro,NA,Mid‑Market,0.75,143280,0.0,95520.0,0.0,0.0,0,0,95520.0,2024-01-01,2024-12-31
A-756192,FinTech,IN,Basic,APAC,SMB,0.65,22344,11172.0,0.0,0.0,0.0,0,0,0.0,2024-01-01,2024-12-31
A-49b828,FinTech,IN,Pro,APAC,Mid‑Market,0.75,47760,74028.0,0.0,0.0,0.0,0,0,0.0,2024-01-01,2024-12-31
A-c7ffc2,Cybersecurity,US,Pro,NA,Mid‑Market,0.75,11172,71640.0,0.0,0.0,0.0,0,0,0.0,2024-01-01,2024-12-31
A-751c58,FinTech,UK,Basic,EMEA,SMB,0.65,16188,0.0,35820.0,0.0,35820.0,0,0,71640.0,2024-01-01,2024-12-31
A-72799b,DevTools,FR,Enterprise,EMEA,Enterprise,0.82,35868,4560.0,0.0,4560.0,11760.0,0,0,7200.0,2024-01-01,2024-12-31
A-812c5b,DevTools,CA,Basic,NA,SMB,0.65,32340,0.0,0.0,0.0,0.0,0,0,0.0,2024-01-01,2024-12-31
A-69b156,EdTech,US,Pro,NA,Mid‑Market,0.75,1824,16716.0,0.0,0.0,0.0,0,0,0.0,2024-01-01,2024-12-31
A-075038,HealthTech,UK,Basic,EMEA,SMB,0.65,9576,0.0,0.0,0.0,0.0,0,0,0.0,2024-01-01,2024-12-31
A-940b8b,HealthTech,DE,Basic,EMEA,SMB,0.65,0,0.0,76416.0,0.0,0.0,0,0,76416.0,2024-01-01,2024-12-31
A-2d1036,FinTech,US,Pro,NA,Mid‑Market,0.75,40572,0.0,164772.0,0.0,0.0,0,0,164772.0,2024-01-01,2024-12-31
A-0f6450,FinTech,US,Pro,NA,Mid‑Market,0.75,6384,0.0,0.0,0.0,0.0,0,0,0.0,2024-01-01,2024-12-31
A-9affe6,Cybersecurity,US,Pro,NA,Mid‑Market,0.75,13524,14112.0,0.0,14112.0,17052.0,0,0,2940.0,2024-01-01,2024-12-31
A-80eeb6,Cybersecurity,UK,Enterprise,EMEA,Enterprise,0.82,52536,5016.0,0.0,5016.0,7524.0,0,0,2508.0,2024-01-01,2024-12-31
A-d4e0d4,FinTech,US,Basic,NA,SMB,0.65,279396,0.0,26676.0,0.0,0.0,0,0,26676.0,2024-01-01,2024-12-31
A-c7e58b,HealthTech,IN,Pro,APAC,Mid‑Market,0.75,0,16716.0,0.0,0.0,0.0,0,0,0.0,2024-01-01,2024-12-31
A-016043,EdTech,CA,Basic,NA,SMB,0.65,5928,0.0,1368.0,0.0,1368.0,0,0,2736.0,2024-01-01,2024-12-31
A-bbe56f,HealthTech,US,Enterprise,NA,Enterprise,0.82,5016,4788.0,0.0,0.0,0.0,0,0,0.0,2024-01-01,2024-12-31
A-7c5768,HealthTech,UK,Enterprise,EMEA,Enterprise,0.82,0,0.0,11940.0,0.0,0.0,0,0,11940.0,2024-01-01,2024-12-31
A-751bd4,Cybersecurity,UK,Pro,EMEA,Mid‑Market,0.75,0,0.0,2280.0,0.0,0.0,0,0,2280.0,2024-01-01,2024-12-31
A-4e0e85,DevTools,US,Enterprise,NA,Enterprise,0.82,0,0.0,0.0,0.0,0.0,0,0,0.0,2024-01-01,2024-12-31
A-ad3abd,FinTech,US,Pro,NA,Mid‑Market,0.75,25872,0.0,0.0,0.0,0.0,0,0,0.0,2024-01-01,2024-12-31
A-e19ff6,Cybersecurity,UK,Enterprise,EMEA,Enterprise,0.82,15288,8664.0,0.0,8664.0,4704.0,0,0,-3960.0,2024-01-01,2024-12-31
A-7920cc,Cybersecurity,FR,Pro,EMEA,Mid‑Market,0.75,164772,8892.0,0.0,0.0,0.0,0,0,0.0,2024-01-01,2024-12-31
A-5a92e7,HealthTech,US,Pro,NA,Mid‑Market,0.75,0,0.0,17052.0,0.0,17052.0,0,0,34104.0,2024-01-01,2024-12-31
A-fdfc91,Cybersecurity,US,Basic,NA,SMB,0.65,25308,6612.0,0.0,0.0,0.0,0,0,0.0,2024-01-01,2024-12-31
A-1e50e0,Cybersecurity,DE,Pro,EMEA,Mid‑Market,0.75,45372,0.0,0.0,0.0,57624.0,0,0,57624.0,2024-01-01,2024-12-31
A-1e1b80,FinTech,CA,Enterprise,NA,Enterprise,0.82,11400,31164.0,0.0,0.0,0.0,0,0,0.0,2024-01-01,2024-12-31
A-659280,FinTech,IN,Enterprise,APAC,Enterprise,0.82,0,74028.0,0.0,74028.0,27636.0,0,0,-46392.0,2024-01-01,2024-12-31
A-f6b2fb,DevTools,AU,Basic,APAC,SMB,0.65,5244,0.0,13524.0,0.0,13524.0,0,0,27048.0,2024-01-01,2024-12-31
A-cb6cc6,DevTools,US,Basic,NA,SMB,0.65,14700,2964.0,0.0,0.0,0.0,0,0,0.0,2024-01-01,2024-12-31
A-d62e02,Cybersecurity,US,Pro,NA,Mid‑Market,0.75,14328,0.0,23880.0,0.0,0.0,0,0,23880.0,2024-01-01,2024-12-31
A-d535f6,DevTools,US,Basic,NA,SMB,0.65,0,0.0,0.0,0.0,0.0,0,0,0.0,2024-01-01,2024-12-31
A-39868b,FinTech,AU,Pro,APAC,Mid‑Market,0.75,0,0.0,21492.0,0.0,21492.0,0,0,42984.0,2024-01-01,2024-12-31
A-3cc791,EdTech,US,Enterprise,NA,Enterprise,0.82,21168,0.0,0.0,0.0,0.0,0,0,0.0,2024-01-01,2024-12-31
A-337bc1,Cybersecurity,US,Pro,NA,Mid‑Market,0.75,0,81192.0,0.0,0.0,0.0,0,0,0.0,2024-01-01,2024-12-31
A-58b9ff,DevTools,IN,Enterprise,APAC,Enterprise,0.82,19404,0.0,0.0,0.0,0.0,0,0,0.0,2024-01-01,2024-12-31
A-bf7919,HealthTech,US,Pro,NA,Mid‑Market,0.75,0,0.0,7164.0,0.0,0.0,0,0,7164.0,2024-01-01,2024-12-31
A-1d5444,Cybersecurity,US,Basic,NA,SMB,0.65,0,0.0,5472.0,0.0,5472.0,0,0,10944.0,2024-01-01,2024-12-31
A-0f3e88,HealthTech,US,Basic,NA,SMB,0.65,4116,12936.0,0.0,12936.0,26268.0,0,0,13332.0,2024-01-01,2024-12-31
A-7641d3,EdTech,US,Pro,NA,Mid‑Market,0.75,2280,0.0,0.0,0.0,0.0,0,0,0.0,2024-01-01,2024-12-31
A-cd458b,DevTools,US,Basic,NA,SMB,0.65,23880,0.0,2280.0,0.0,0.0,0,0,2280.0,2024-01-01,2024-12-31
A-c16b88,HealthTech,US,Enterprise,NA,Enterprise,0.82,54924,0.0,0.0,0.0,0.0,0,0,0.0,2024-01-01,2024-12-31
A-59f724,HealthTech,US,Enterprise,NA,Enterprise,0.82,4104,10584.0,0.0,0.0,0.0,0,0,0.0,2024-01-01,2024-12-31
A-87aa7b,HealthTech,US,Pro,NA,Mid‑Market,0.75,29988,0.0,14112.0,0.0,14112.0,0,0,28224.0,2024-01-01,2024-12-31
A-1e6fc3,EdTech,FR,Pro,EMEA,Mid‑Market,0.75,2388,0.0,0.0,0.0,0.0,0,0,0.0,2024-01-01,2024-12-31
A-39ddf4,EdTech,US,Enterprise,NA,Enterprise,0.82,95520,0.0,95520.0,0.0,0.0,0,0,95520.0,2024-01-01,2024-12-31
A-34ea2f,HealthTech,US,Enterprise,NA,Enterprise,0.82,38208,0.0,1824.0,0.0,0.0,0,0,1824.0,2024-01-01,2024-12-31
A-716841,FinTech,US,Pro,NA,Mid‑Market,0.75,107460,0.0,36708.0,0.0,0.0,0,0,36708.0,2024-01-01,2024-12-31
A-558c72,FinTech,US,Basic,NA,SMB,0.65,8820,7056.0,0.0,0.0,0.0,0,0,0.0,2024-01-01,2024-12-31
A-b11cd0,DevTools,US,Pro,NA,Mid‑Market,0.75,15288,15288.0,0.0,0.0,0.0,0,0,0.0,2024-01-01,2024-12-31
A-cc1d8d,FinTech,US,Pro,NA,Mid‑Market,0.75,14328,0.0,11940.0,0.0,0.0,0,0,11940.0,2024-01-01,2024-12-31
A-7f4db3,FinTech,US,Pro,NA,Mid‑Market,0.75,57312,3528.0,0.0,0.0,0.0,0,0,0.0,2024-01-01,2024-12-31
A-db5e9e,DevTools,US,Basic,NA,SMB,0.65,7056,0.0,2052.0,0.0,0.0,0,0,2052.0,2024-01-01,2024-12-31
A-cc102e,HealthTech,US,Enterprise,NA,Enterprise,0.82,2964,0.0,2964.0,0.0,2964.0,0,0,5928.0,2024-01-01,2024-12-31
A-82d8a6,Cybersecurity,UK,Basic,EMEA,SMB,0.65,2940,0.0,162384.0,0.0,0.0,0,0,162384.0,2024-01-01,2024-12-31
A-dec005,HealthTech,US,Pro,NA,Mid‑Market,0.75,128952,74028.0,0.0,0.0,0.0,0,0,0.0,2024-01-01,2024-12-31
A-5790f4,FinTech,UK,Pro,EMEA,Mid‑Market,0.75,19104,0.0,0.0,0.0,0.0,0,0,0.0,2024-01-01,2024-12-31
A-7c83a1,Cybersecurity,US,Pro,NA,Mid‑Market,0.75,14112,0.0,28224.0,0.0,28224.0,0,0,56448.0,2024-01-01,2024-12-31
A-297a2d,HealthTech,UK,Pro,EMEA,Mid‑Market,0.75,64476,85968.0,0.0,0.0,0.0,0,0,0.0,2024-01-01,2024-12-31
A-4c56c9,FinTech,US,Enterprise,NA,Enterprise,0.82,4104,0.0,31044.0,0.0,31044.0,0,0,62088.0,2024-01-01,2024-12-31
A-cbbe12,Cybersecurity,DE,Enterprise,EMEA,Enterprise,0.82,95520,0.0,0.0,0.0,0.0,0,0,0.0,2024-01-01,2024-12-31
A-4a267b,FinTech,US,Pro,NA,Mid‑Market,0.75,0,0.0,69252.0,0.0,69252.0,0,0,138504.0,2024-01-01,2024-12-31
A-bcbe98,Cybersecurity,US,Enterprise,NA,Enterprise,0.82,10488,0.0,10488.0,0.0,0.0,0,0,10488.0,2024-01-01,2024-12-31
A-427b69,FinTech,US,Basic,NA,SMB,0.65,3876,0.0,10584.0,0.0,0.0,0,0,10584.0,2024-01-01,2024-12-31
A-0be015,FinTech,US,Pro,NA,Mid‑Market,0.75,0,0.0,4332.0,0.0,0.0,0,0,4332.0,2024-01-01,2024-12-31
A-054577,EdTech,UK,Basic,EMEA,SMB,0.65,202980,0.0,11760.0,0.0,0.0,0,0,11760.0,2024-01-01,2024-12-31
A-bc87bc,FinTech,US,Pro,NA,Mid‑Market,0.75,1824,0.0,4104.0,0.0,0.0,0,0,4104.0,2024-01-01,2024-12-31
A-0f7d77,FinTech,IN,Pro,APAC,Mid‑Market,0.75,1596,0.0,1368.0,0.0,0.0,0,0,1368.0,2024-01-01,2024-12-31
A-e7beab,EdTech,DE,Enterprise,EMEA,Enterprise,0.82,2940,26268.0,0.0,26268.0,0.0,0,0,-26268.0,2024-01-01,2024-12-31
A-a09355,FinTech,US,Basic,NA,SMB,0.65,8232,0.0,3192.0,0.0,3192.0,0,0,6384.0,2024-01-01,2024-12-31
A-31ab9a,FinTech,DE,Pro,EMEA,Mid‑Market,0.75,33432,0.0,3420.0,0.0,3420.0,0,0,6840.0,2024-01-01,2024-12-31
A-0158bb,FinTech,DE,Basic,EMEA,SMB,0.65,26460,0.0,0.0,0.0,0.0,0,0,0.0,2024-01-01,2024-12-31
A-f19b24,Cybersecurity,US,Pro,NA,Mid‑Market,0.75,6612,0.0,17052.0,0.0,0.0,0,0,17052.0,2024-01-01,2024-12-31
A-798a3f,DevTools,FR,Enterprise,EMEA,Enterprise,0.82,31044,7068.0,0.0,0.0,0.0,0,0,0.0,2024-01-01,2024-12-31
A-42b791,FinTech,AU,Pro,APAC,Mid‑Market,0.75,4560,0.0,17052.0,0.0,0.0,0,0,17052.0,2024-01-01,2024-12-31
A-068fc6,EdTech,US,Enterprise,NA,Enterprise,0.82,83580,20580.0,0.0,0.0,0.0,0,0,0.0,2024-01-01,2024-12-31
A-6f50ae,FinTech,US,Pro,NA,Mid‑Market,0.75,45372,0.0,0.0,0.0,0.0,0,0,0.0,2024-01-01,2024-12-31
A-a2485e,FinTech,US,Pro,NA,Mid‑Market,0.75,40596,0.0,5292.0,0.0,0.0,0,0,5292.0,2024-01-01,2024-12-31
A-bb1eaa,Cybersecurity,US,Basic,NA,SMB,0.65,14700,0.0,50148.0,0.0,50148.0,0,0,100296.0,2024-01-01,2024-12-31
A-cc98bc,DevTools,US,Basic,NA,SMB,0.65,0,7296.0,0.0,0.0,0.0,0,0,0.0,2024-01-01,2024-12-31
A-d77f4c,DevTools,US,Pro,NA,Mid‑Market,0.75,2352,0.0,0.0,0.0,17052.0,0,0,17052.0,2024-01-01,2024-12-31
A-ccabf0,HealthTech,IN,Pro,APAC,Mid‑Market,0.75,0,12348.0,0.0,12348.0,31044.0,0,0,18696.0,2024-01-01,2024-12-31
A-700ade,Cybersecurity,UK,Enterprise,EMEA,Enterprise,0.82,11400,0.0,31044.0,0.0,0.0,0,0,31044.0,2024-01-01,2024-12-31
A-4a4c2d,DevTools,US,Enterprise,NA,Enterprise,0.82,31752,128952.0,0.0,0.0,0.0,0,0,0.0,2024-01-01,2024-12-31
A-b7ef83,Cybersecurity,UK,Pro,EMEA,Mid‑Market,0.75,7056,0.0,5244.0,0.0,5244.0,0,0,10488.0,2024-01-01,2024-12-31
A-e08cd3,FinTech,US,Pro,NA,Mid‑Market,0.75,15276,0.0,39396.0,0.0,39396.0,0,0,78792.0,2024-01-01,2024-12-31
A-19b2c8,DevTools,IN,Pro,APAC,Mid‑Market,0.75,47760,47760.0,0.0,0.0,0.0,0,0,0.0,2024-01-01,2024-12-31
A-970c97,HealthTech,DE,Enterprise,EMEA,Enterprise,0.82,11172,0.0,33432.0,0.0,0.0,0,0,33432.0,2024-01-01,2024-12-31
A-6dee43,FinTech,UK,Basic,EMEA,SMB,0.65,0,28656.0,0.0,28656.0,2736.0,0,0,-25920.0,2024-01-01,2024-12-31
A-5ed98d,DevTools,US,Basic,NA,SMB,0.65,0,0.0,57312.0,0.0,0.0,0,0,57312.0,2024-01-01,2024-12-31
A-c58f49,EdTech,US,Enterprise,NA,Enterprise,0.82,167160,0.0,15960.0,0.0,0.0,0,0,15960.0,2024-01-01,2024-12-31
A-9c18c4,HealthTech,US,Pro,NA,Mid‑Market,0.75,26268,26268.0,0.0,0.0,0.0,0,0,0.0,2024-01-01,2024-12-31
A-cc8c8f,DevTools,US,Enterprise,NA,Enterprise,0.82,0,0.0,66864.0,0.0,66864.0,0,0,133728.0,2024-01-01,2024-12-31
A-5f7781,DevTools,US,Pro,NA,Mid‑Market,0.75,12936,0.0,0.0,0.0,0.0,0,0,0.0,2024-01-01,2024-12-31
A-e1b9cd,DevTools,US,Pro,NA,Mid‑Market,0.75,23520,23520.0,0.0,0.0,0.0,0,0,0.0,2024-01-01,2024-12-31
A-ac85cd,EdTech,US,Enterprise,NA,Enterprise,0.82,49980,0.0,12084.0,0.0,0.0,0,0,12084.0,2024-01-01,2024-12-31
A-d792a6,DevTools,US,Enterprise,NA,Enterprise,0.82,155220,0.0,0.0,0.0,0.0,0,0,0.0,2024-01-01,2024-12-31
A-ac9111,HealthTech,US,Pro,NA,Mid‑Market,0.75,4788,4788.0,0.0,4788.0,0.0,0,0,-4788.0,2024-01-01,2024-12-31
A-18793f,EdTech,US,Basic,NA,SMB,0.65,0,0.0,87024.0,0.0,0.0,0,0,87024.0,2024-01-01,2024-12-31
A-9f0b68,EdTech,US,Basic,NA,SMB,0.65,0,0.0,5016.0,0.0,5016.0,0,0,10032.0,2024-01-01,2024-12-31
A-d3c88e,DevTools,US,Pro,NA,Mid‑Market,0.75,38208,0.0,38208.0,0.0,0.0,0,0,38208.0,2024-01-01,2024-12-31
A-ccb686,DevTools,US,Basic,NA,SMB,0.65,2508,0.0,8232.0,0.0,8232.0,0,0,16464.0,2024-01-01,2024-12-31
A-118f1c,Cybersecurity,US,Pro,NA,Mid‑Market,0.75,76416,0.0,76416.0,0.0,0.0,0,0,76416.0,2024-01-01,2024-12-31
A-0e966d,FinTech,IN,Basic,APAC,SMB,0.65,2508,0.0,54924.0,0.0,0.0,0,0,54924.0,2024-01-01,2024-12-31
A-b9f5b1,Cybersecurity,US,Pro,NA,Mid‑Market,0.75,35820,0.0,0.0,0.0,0.0,0,0,0.0,2024-01-01,2024-12-31
A-8ae3fc,DevTools,CA,Pro,NA,Mid‑Market,0.75,4560,0.0,7068.0,0.0,7068.0,0,0,14136.0,2024-01-01,2024-12-31
A-55f257,FinTech,US,Basic,NA,SMB,0.65,50148,0.0,0.0,0.0,0.0,0,0,0.0,2024-01-01,2024-12-31
A-d26ab4,DevTools,UK,Basic,EMEA,SMB,0.65,78804,0.0,0.0,0.0,0.0,0,0,0.0,2024-01-01,2024-12-31
A-712533,EdTech,US,Pro,NA,Mid‑Market,0.75,10584,8208.0,0.0,8208.0,42984.0,0,0,34776.0,2024-01-01,2024-12-31
A-781cc0,EdTech,US,Pro,NA,Mid‑Market,0.75,2736,0.0,28656.0,0.0,0.0,0,0,28656.0,2024-01-01,2024-12-31
